{"mean_response": 8.304101105677242, "mean_delivery_time": 8.304101105677242, "dispatch_mean": 4.741817722730154, "total_time_mean": 29.52699872421898}